,feature_name,large_amp_corr,large_amp_pval,large_PRE_amp1,large_PRE_amp2,large_PRE_latency,small_amp_corr,small_amp_pval,small_PRE_amp1,small_PRE_amp2,small_PRE_latency,global_pre_avg_amp1,global_pre_std_amp1,global_pre_avg_amp2,global_pre_std_amp2,global_pre_avg_latency,global_pre_std_latency,global_ppc_avg,global_ppc_std
0,pca30,0.9934736306024716,0.0,0.21132409231383353,0.21936804316043856,0.009906823724508285,0.0352229402293394,0.2657946087338701,0.017615146732330323,0.017256940102577216,0.008563379764556886,0.024450792905583524,0.014219318094797406,0.02410002953530349,0.012242580963868778,0.02446085570862049,0.04241826133001463,0.02071609690415544,0.007955645947737958
1,pca4,0.9939838595733655,0.0,0.20677365846944445,0.20931189517080787,0.013895940750837325,-0.12656641976197078,5.9818388501189006e-05,0.017476726382970813,0.027570290046930318,0.009502746939659119,0.05332099479504389,0.058233616277680735,0.055962241165398226,0.04809621551878907,0.03436649968246929,0.05098587747017926,0.02868357597997795,0.01080346367846965
2,peak,0.9249769216110699,0.0,0.23544572491721774,0.363758068717178,0.1042668361258693,0.09964326269478233,0.001605475230988593,0.21194038817128164,0.1829308559000493,0.03567343828082085,0.16349983809280755,0.05704942497896563,0.16777651640351127,0.052829563921517365,0.12348930750351855,0.14208376899316966,0.07237569812737221,0.026901946609404884
3,bandpower,-0.08630296573348552,0.006317649453268956,0.16912844177864023,0.27812824947536,0.1528693287682254,-0.9391240770201602,0.0,0.1605460819810629,0.15508205524683,0.2651356523483992,0.21721288180007503,0.1151606147113277,0.21610257974478758,0.1171137631745231,0.2901476556385253,0.1446302040241392,0.14607379536588824,0.05520039720399169
