,feature_name,large_p_d_corr,large_p_d_pval,large_PRE_prox,large_PRE_dist,large_PRE_latency,small_p_d_corr,small_p_d_pval,small_PRE_prox,small_PRE_dist,small_PRE_latency,global_pre_avg_prox,global_pre_std_prox,global_pre_avg_dist,global_pre_std_dist,global_pre_avg_latency,global_pre_std_latency,global_ppc_avg,global_ppc_std
0,pca30,0.6844987923896275,3.773942514800135e-139,0.032131149217486374,0.028738323599100127,0.00907372808456421,0.09547517820112637,0.0025084476436925437,0.009578804308176042,0.01012384649515153,0.008170414865016937,0.01136830729357899,0.004639770605467593,0.013337599722373854,0.005175779829205423,0.009618277739855697,0.003133630305556999,8.6745e-06,7.3675806e-06
1,pca4,0.8317706395742375,2.3973975138565564e-257,0.039544365799427036,0.0357829831957817,0.011608781903982162,-0.0937639340140478,0.002998340264468959,0.010135477423667914,0.00990410953760147,0.008285127580165863,0.016534942184692772,0.012303050309656324,0.03362172203445808,0.028231397868252055,0.016490703550606858,0.019014417221325672,1.16498095e-05,1.0706184e-05
2,peak,0.8926099513887721,0.0,0.12478724970407784,0.18059850654006007,0.01577604427933693,-0.089908425534018,0.004436093438618117,0.02922149910926817,0.030313218605518385,0.008774993419647216,0.0316895082668161,0.02454486486362848,0.052329181637750986,0.049350247511732975,0.016595560910506162,0.022379990202205904,1.2192229e-05,1.165517e-05
3,bandpower,0.9005644093291668,0.0,0.1814844433617545,0.35346641951752833,0.028896703034639357,-0.8936237921892727,0.0,0.10230624953433871,0.06613980476260184,0.07225742384791374,0.1090409751622821,0.09772172741936688,0.16855245700418006,0.0961916779417849,0.13683973095817856,0.11033446043871983,4.2497246e-05,2.5544645e-05
